{"count":1,"self":1737.8994175999999,"total":2004.4381884999998,"children":{"InitializeActuators":{"count":4,"self":0.0020155,"total":0.0020155,"children":null},"InitializeSensors":{"count":4,"self":0.0040018,"total":0.0040018,"children":null},"AgentSendState":{"count":98157,"self":4.5617703999999994,"total":11.734139899999999,"children":{"CollectObservations":{"count":78548,"self":0.55253619999999992,"total":0.55253619999999992,"children":null},"WriteActionMask":{"count":78548,"self":0.11050299999999999,"total":0.11050299999999999,"children":null},"RequestDecision":{"count":78548,"self":0.24445989999999998,"total":6.5093301,"children":{"AgentInfo.ToProto":{"count":78548,"self":0.28666169999999996,"total":6.2648702,"children":{"GenerateSensorData":{"count":78548,"self":5.4460647999999994,"total":5.9782085,"children":{"RayPerceptionSensor.Perceive":{"count":157096,"self":0.5321438,"total":0.5321438,"children":null}}}}}}}}},"DecideAction":{"count":98157,"self":253.17716479999999,"total":253.17715809999999,"children":null},"AgentAct":{"count":98157,"self":1.606541,"total":1.606541,"children":null},"AgentInfo.ToProto":{"count":108,"self":0.0018461999999999999,"total":0.0098122,"children":{"GenerateSensorData":{"count":108,"self":0.0069400999999999994,"total":0.0079659999999999991,"children":{"RayPerceptionSensor.Perceive":{"count":216,"self":0.0010259,"total":0.0010259,"children":null}}}}}},"gauges":{"SoccerTwos.CumulativeReward":{"count":108,"max":0,"min":0,"runningAverage":0,"value":0,"weightedAverage":0}},"metadata":{"timer_format_version":"0.1.0","start_time_seconds":"1696691990","unity_version":"2021.3.20f1","command_line_arguments":"D:\\MAI\\TFM\\codebases\\gatech-unity-football-cm3\/src\/assets\/soccertwos-ppo-play-w-roledep\/UnityEnvironment.exe --mlagents-port 5005","communication_protocol_version":"1.5.0","com.unity.ml-agents_version":"2.3.0-exp.4","scene_name":"SoccerTwos","end_time_seconds":"1696693994"}}