{"count":1,"self":12652.815974399999,"total":27219.9646731,"children":{"InitializeActuators":{"count":8,"self":0.0040034,"total":0.0040034,"children":null},"InitializeSensors":{"count":8,"self":0.0100024,"total":0.0100024,"children":null},"AgentSendState":{"count":1240116,"self":185.09824,"total":347.1543522,"children":{"CollectObservations":{"count":1984720,"self":4.2765568,"total":4.2765569999999995,"children":null},"WriteActionMask":{"count":1984720,"self":3.3267949999999997,"total":3.3267949999999997,"children":null},"RequestDecision":{"count":1984720,"self":8.8727304,"total":154.45275719999998,"children":{"AgentInfo.ToProto":{"count":1984720,"self":18.7266624,"total":145.580027,"children":{"GenerateSensorData":{"count":1984720,"self":105.91589119999999,"total":126.8533641,"children":{"RayPerceptionSensor.Perceive":{"count":3969440,"self":20.9374704,"total":20.937471,"children":null}}}}}}}}},"DecideAction":{"count":1240116,"self":14171.209728,"total":14171.2092326,"children":null},"AgentAct":{"count":1240116,"self":48.4473632,"total":48.4473643,"children":null},"AgentInfo.ToProto":{"count":2527,"self":0.10661899999999999,"total":0.32067219999999996,"children":{"GenerateSensorData":{"count":2527,"self":0.1720735,"total":0.2140532,"children":{"RayPerceptionSensor.Perceive":{"count":5054,"self":0.041979699999999995,"total":0.041979699999999995,"children":null}}}}}},"gauges":{"SoccerTwos.CumulativeReward":{"count":2527,"max":0,"min":0,"runningAverage":0,"value":0,"weightedAverage":0}},"metadata":{"timer_format_version":"0.1.0","start_time_seconds":"1678068654","unity_version":"2021.3.17f1","command_line_arguments":"D:\/MAI\/TFM\/codebases\/unity-football-cm3\/src\/assets\/single-agent\/UnityEnvironment.exe -nographics -batchmode --mlagents-port 5010","communication_protocol_version":"1.5.0","com.unity.ml-agents_version":"2.3.0-exp.4","scene_name":"SoccerTwos","end_time_seconds":"1678095874"}}