{"count":1,"self":279960.354816,"total":298853.8576948,"children":{"InitializeActuators":{"count":4,"self":0.002,"total":0.002,"children":null},"InitializeSensors":{"count":4,"self":0.0060052,"total":0.0060052,"children":null},"AgentSendState":{"count":14937139,"self":708.5488128,"total":1322.3806685,"children":{"CollectObservations":{"count":11952904,"self":76.48951679999999,"total":76.4895191,"children":null},"WriteActionMask":{"count":11952904,"self":14.336599999999999,"total":14.336600599999999,"children":null},"RequestDecision":{"count":11952904,"self":92.8202432,"total":523.0057295,"children":{"RayPerceptionSensor.Perceive":{"count":11952904,"self":40.0246688,"total":40.024667799999996,"children":null},"AgentInfo.ToProto":{"count":5976452,"self":27.323494399999998,"total":390.1608184,"children":{"GenerateSensorData":{"count":5976452,"self":322.77411839999996,"total":362.83732349999997,"children":{"RayPerceptionSensor.Perceive":{"count":11952904,"self":40.0632192,"total":40.063217699999996,"children":null}}}}}}}}},"DecideAction":{"count":14937139,"self":17312.374784,"total":17312.374934699998,"children":null},"AgentAct":{"count":14937139,"self":255.9889408,"total":255.98894249999998,"children":null},"RayPerceptionSensor.Perceive":{"count":69404,"self":0.2551894,"total":0.2551894,"children":null},"AgentInfo.ToProto":{"count":34702,"self":0.18472629999999998,"total":2.4914235,"children":{"GenerateSensorData":{"count":34702,"self":2.0699232,"total":2.3066972,"children":{"RayPerceptionSensor.Perceive":{"count":69404,"self":0.2367741,"total":0.2367741,"children":null}}}}}},"gauges":{"SoccerTwos.CumulativeReward":{"count":69404,"max":0,"min":0,"runningAverage":0,"value":0,"weightedAverage":0}},"metadata":{"timer_format_version":"0.1.0","start_time_seconds":"1694550102","unity_version":"2021.3.20f1","command_line_arguments":"D:\\MAI\\TFM\\codebases\\gatech-unity-football-cm3\/src\/assets\/soccertwos-ppo-heuristic-play-w-roledep\/UnityEnvironment.exe -nographics -batchmode --mlagents-port 5005","communication_protocol_version":"1.5.0","com.unity.ml-agents_version":"2.3.0-exp.4","scene_name":"SoccerTwos","end_time_seconds":"1694848955"}}