{"count":1,"self":278843.56894719996,"total":299180.9086041,"children":{"InitializeActuators":{"count":4,"self":0.0039958,"total":0.0039958,"children":null},"InitializeSensors":{"count":4,"self":0.0070009999999999994,"total":0.0070009999999999994,"children":null},"AgentSendState":{"count":14947913,"self":826.2963712,"total":1599.3082250999998,"children":{"CollectObservations":{"count":11961528,"self":100.25326079999999,"total":100.2532585,"children":null},"WriteActionMask":{"count":11961528,"self":18.4835664,"total":18.4835663,"children":null},"RequestDecision":{"count":11961528,"self":122.8433664,"total":654.27504049999993,"children":{"RayPerceptionSensor.Perceive":{"count":11961528,"self":53.7556416,"total":53.755641399999995,"children":null},"AgentInfo.ToProto":{"count":5980764,"self":36.7283488,"total":477.6760372,"children":{"GenerateSensorData":{"count":5980764,"self":386.2807296,"total":440.9476878,"children":{"RayPerceptionSensor.Perceive":{"count":11961528,"self":54.666956799999994,"total":54.6669585,"children":null}}}}}}}}},"DecideAction":{"count":14947913,"self":18532.7157248,"total":18532.715798499998,"children":null},"AgentAct":{"count":14947913,"self":202.7321728,"total":202.7321697,"children":null},"RayPerceptionSensor.Perceive":{"count":58220,"self":0.2712873,"total":0.2712873,"children":null},"AgentInfo.ToProto":{"count":29110,"self":0.1446722,"total":2.1354189999999997,"children":{"GenerateSensorData":{"count":29110,"self":1.760098,"total":1.9907468,"children":{"RayPerceptionSensor.Perceive":{"count":58220,"self":0.2306489,"total":0.2306489,"children":null}}}}}},"gauges":{"SoccerTwos.CumulativeReward":{"count":58220,"max":0,"min":0,"runningAverage":0,"value":0,"weightedAverage":0}},"metadata":{"timer_format_version":"0.1.0","start_time_seconds":"1695473074","unity_version":"2021.3.20f1","command_line_arguments":"D:\\MAI\\TFM\\codebases\\gatech-unity-football-cm3\/src\/assets\/soccertwos-ppo-baseline-heuristic-play-wo-roledep\/UnityEnvironment.exe -nographics -batchmode --mlagents-port 5009","communication_protocol_version":"1.5.0","com.unity.ml-agents_version":"2.3.0-exp.4","scene_name":"SoccerTwos","end_time_seconds":"1695772252"}}