{"count":1,"self":12736.157286399999,"total":16673.2067695,"children":{"InitializeActuators":{"count":4,"self":0.0030009999999999998,"total":0.0030009999999999998,"children":null},"InitializeSensors":{"count":4,"self":0.0070742999999999995,"total":0.0070742999999999995,"children":null},"AgentSendState":{"count":829186,"self":192.1014784,"total":331.6295055,"children":{"CollectObservations":{"count":663528,"self":24.7995184,"total":24.7995187,"children":null},"WriteActionMask":{"count":663528,"self":3.7655391999999996,"total":3.7655391,"children":null},"RequestDecision":{"count":663528,"self":24.492779199999998,"total":110.96296989999999,"children":{"RayPerceptionSensor.Perceive":{"count":663528,"self":10.8527624,"total":10.8527623,"children":null},"AgentInfo.ToProto":{"count":331764,"self":6.6560768,"total":75.6174278,"children":{"GenerateSensorData":{"count":331764,"self":57.897132799999994,"total":68.961350799999991,"children":{"RayPerceptionSensor.Perceive":{"count":663528,"self":11.0642176,"total":11.0642175,"children":null}}}}}}}}},"DecideAction":{"count":829186,"self":3557.351424,"total":3557.3513715,"children":null},"AgentAct":{"count":829186,"self":47.421449599999995,"total":47.4214487,"children":null},"RayPerceptionSensor.Perceive":{"count":5036,"self":0.0782177,"total":0.0782177,"children":null},"AgentInfo.ToProto":{"count":2518,"self":0.048814899999999994,"total":0.51875609999999994,"children":{"GenerateSensorData":{"count":2518,"self":0.4010708,"total":0.4699412,"children":{"RayPerceptionSensor.Perceive":{"count":5036,"self":0.0688704,"total":0.0688704,"children":null}}}}}},"gauges":{"SoccerTwos.CumulativeReward":{"count":5036,"max":0,"min":0,"runningAverage":0,"value":0,"weightedAverage":0}},"metadata":{"timer_format_version":"0.1.0","start_time_seconds":"1696401683","unity_version":"2021.3.20f1","command_line_arguments":"D:\\MAI\\TFM\\codebases\\gatech-unity-football-cm3\/src\/assets\/soccertwos-stage2\/UnityEnvironment.exe -nographics -batchmode --mlagents-port 5007","communication_protocol_version":"1.5.0","com.unity.ml-agents_version":"2.3.0-exp.4","scene_name":"SoccerTwos","end_time_seconds":"1696418355"}}